Model,Accuracy,Precision,Recall,F1 Score
Logistic Regression,0.46,0.5,0.5925925925925926,0.5423728813559322
Random Forest,0.46,0.5,0.5555555555555556,0.5263157894736842
Support Vector Machine,0.46,0.5,0.5740740740740741,0.5344827586206896
