Model,Accuracy,Precision,Recall,F1 Score
Logistic Regression,0.8888888888888888,0.875,1.0,0.9333333333333333
Random Forest,0.7777777777777778,0.8571428571428571,0.8571428571428571,0.8571428571428571
Support Vector Machine,0.8888888888888888,0.875,1.0,0.9333333333333333
